cc	ip	http	bytes	body_sha256_16
ac	-	DNS_FAIL	0	-
ad	-	DNS_FAIL	0	-
ae	-	DNS_FAIL	0	-
af	-	DNS_FAIL	0	-
ag	-	DNS_FAIL	0	-
ai	-	DNS_FAIL	0	-
al	-	DNS_FAIL	0	-
am	-	DNS_FAIL	0	-
ao	-	DNS_FAIL	0	-
aq	-	DNS_FAIL	0	-
ar	-	DNS_FAIL	0	-
as	-	DNS_FAIL	0	-
at	-	DNS_FAIL	0	-
au	23.8.64.145	200	2825	0badfda0bd66814b
aw	-	DNS_FAIL	0	-
ax	-	DNS_FAIL	0	-
az	-	DNS_FAIL	0	-
ba	-	DNS_FAIL	0	-
bb	-	DNS_FAIL	0	-
bd	-	DNS_FAIL	0	-
be	-	DNS_FAIL	0	-
bf	-	DNS_FAIL	0	-
bg	-	DNS_FAIL	0	-
bh	-	DNS_FAIL	0	-
bi	-	DNS_FAIL	0	-
bj	-	DNS_FAIL	0	-
bl	-	DNS_FAIL	0	-
bm	-	DNS_FAIL	0	-
bn	-	DNS_FAIL	0	-
bo	-	DNS_FAIL	0	-
bq	-	DNS_FAIL	0	-
br	23.8.64.145	200	2825	6edb74edb15ddeef
bs	-	DNS_FAIL	0	-
bt	-	DNS_FAIL	0	-
bv	-	DNS_FAIL	0	-
bw	-	DNS_FAIL	0	-
by	-	DNS_FAIL	0	-
bz	-	DNS_FAIL	0	-
ca	-	DNS_FAIL	0	-
cc	-	DNS_FAIL	0	-
cd	-	DNS_FAIL	0	-
cf	-	DNS_FAIL	0	-
cg	-	DNS_FAIL	0	-
ch	-	DNS_FAIL	0	-
ci	-	DNS_FAIL	0	-
ck	-	DNS_FAIL	0	-
cl	-	DNS_FAIL	0	-
cm	-	DNS_FAIL	0	-
cn	23.8.64.145	200	2825	4017f4c4c0110a10
co	-	DNS_FAIL	0	-
cr	-	DNS_FAIL	0	-
cu	-	DNS_FAIL	0	-
cv	-	DNS_FAIL	0	-
cw	-	DNS_FAIL	0	-
cx	-	DNS_FAIL	0	-
cy	-	DNS_FAIL	0	-
cz	-	DNS_FAIL	0	-
de	-	DNS_FAIL	0	-
dj	-	DNS_FAIL	0	-
dk	-	DNS_FAIL	0	-
dm	-	DNS_FAIL	0	-
do	-	DNS_FAIL	0	-
dz	-	DNS_FAIL	0	-
ec	-	DNS_FAIL	0	-
ee	-	DNS_FAIL	0	-
eg	-	DNS_FAIL	0	-
eh	-	DNS_FAIL	0	-
en	-	DNS_FAIL	0	-
er	-	DNS_FAIL	0	-
es	-	DNS_FAIL	0	-
et	-	DNS_FAIL	0	-
eu	23.8.64.145	404	10	493fda53120050f8
fi	-	DNS_FAIL	0	-
fj	-	DNS_FAIL	0	-
fk	-	DNS_FAIL	0	-
fm	-	DNS_FAIL	0	-
fo	-	DNS_FAIL	0	-
fr	-	DNS_FAIL	0	-
ga	-	DNS_FAIL	0	-
gb	-	DNS_FAIL	0	-
gd	-	DNS_FAIL	0	-
ge	-	DNS_FAIL	0	-
gf	-	DNS_FAIL	0	-
gg	-	DNS_FAIL	0	-
gh	-	DNS_FAIL	0	-
gi	-	DNS_FAIL	0	-
gl	-	DNS_FAIL	0	-
gm	-	DNS_FAIL	0	-
gn	-	DNS_FAIL	0	-
gp	-	DNS_FAIL	0	-
gq	-	DNS_FAIL	0	-
gr	-	DNS_FAIL	0	-
gs	-	DNS_FAIL	0	-
gt	-	DNS_FAIL	0	-
gu	-	DNS_FAIL	0	-
gw	-	DNS_FAIL	0	-
gy	-	DNS_FAIL	0	-
hk	-	DNS_FAIL	0	-
hm	-	DNS_FAIL	0	-
hn	-	DNS_FAIL	0	-
hr	-	DNS_FAIL	0	-
ht	-	DNS_FAIL	0	-
hu	-	DNS_FAIL	0	-
id	-	DNS_FAIL	0	-
ie	-	DNS_FAIL	0	-
il	-	DNS_FAIL	0	-
im	-	DNS_FAIL	0	-
in	-	DNS_FAIL	0	-
io	-	DNS_FAIL	0	-
iq	-	DNS_FAIL	0	-
ir	-	DNS_FAIL	0	-
is	-	DNS_FAIL	0	-
it	-	DNS_FAIL	0	-
je	-	DNS_FAIL	0	-
jm	-	DNS_FAIL	0	-
jo	-	DNS_FAIL	0	-
jp	23.8.64.145	200	2825	1f151aea9499d99d
ke	-	DNS_FAIL	0	-
kg	-	DNS_FAIL	0	-
kh	-	DNS_FAIL	0	-
ki	-	DNS_FAIL	0	-
km	-	DNS_FAIL	0	-
kn	-	DNS_FAIL	0	-
kp	-	DNS_FAIL	0	-
kr	23.8.64.145	404	10	493fda53120050f8
kw	-	DNS_FAIL	0	-
ky	-	DNS_FAIL	0	-
kz	-	DNS_FAIL	0	-
la	-	DNS_FAIL	0	-
lb	-	DNS_FAIL	0	-
lc	-	DNS_FAIL	0	-
li	-	DNS_FAIL	0	-
lk	-	DNS_FAIL	0	-
lr	-	DNS_FAIL	0	-
ls	-	DNS_FAIL	0	-
lt	-	DNS_FAIL	0	-
lu	-	DNS_FAIL	0	-
lv	-	DNS_FAIL	0	-
ly	-	DNS_FAIL	0	-
ma	-	DNS_FAIL	0	-
mc	-	DNS_FAIL	0	-
md	-	DNS_FAIL	0	-
me	-	DNS_FAIL	0	-
mf	-	DNS_FAIL	0	-
mg	-	DNS_FAIL	0	-
mh	-	DNS_FAIL	0	-
mk	-	DNS_FAIL	0	-
ml	-	DNS_FAIL	0	-
mm	-	DNS_FAIL	0	-
mn	-	DNS_FAIL	0	-
mo	-	DNS_FAIL	0	-
mp	-	DNS_FAIL	0	-
mq	-	DNS_FAIL	0	-
mr	-	DNS_FAIL	0	-
ms	-	DNS_FAIL	0	-
mt	-	DNS_FAIL	0	-
mu	-	DNS_FAIL	0	-
mv	-	DNS_FAIL	0	-
mw	-	DNS_FAIL	0	-
mx	23.8.64.145	404	10	493fda53120050f8
my	-	DNS_FAIL	0	-
mz	-	DNS_FAIL	0	-
na	-	DNS_FAIL	0	-
nc	-	DNS_FAIL	0	-
ne	-	DNS_FAIL	0	-
nf	-	DNS_FAIL	0	-
ng	-	DNS_FAIL	0	-
ni	-	DNS_FAIL	0	-
nl	-	DNS_FAIL	0	-
no	-	DNS_FAIL	0	-
np	-	DNS_FAIL	0	-
nr	-	DNS_FAIL	0	-
nu	-	DNS_FAIL	0	-
nz	-	DNS_FAIL	0	-
om	-	DNS_FAIL	0	-
pa	-	DNS_FAIL	0	-
pe	-	DNS_FAIL	0	-
pf	-	DNS_FAIL	0	-
pg	-	DNS_FAIL	0	-
ph	-	DNS_FAIL	0	-
pk	-	DNS_FAIL	0	-
pl	-	DNS_FAIL	0	-
pm	-	DNS_FAIL	0	-
pn	-	DNS_FAIL	0	-
pr	-	DNS_FAIL	0	-
ps	-	DNS_FAIL	0	-
pt	-	DNS_FAIL	0	-
pw	-	DNS_FAIL	0	-
py	-	DNS_FAIL	0	-
qa	-	DNS_FAIL	0	-
re	-	DNS_FAIL	0	-
ro	-	DNS_FAIL	0	-
rs	-	DNS_FAIL	0	-
ru	23.8.64.145	200	2825	a95f6e398141ad3f
rw	-	DNS_FAIL	0	-
sa	23.8.64.145	200	2825	11f5cef02a3b9a28
sb	-	DNS_FAIL	0	-
sc	-	DNS_FAIL	0	-
sd	-	DNS_FAIL	0	-
se	-	DNS_FAIL	0	-
sg	-	DNS_FAIL	0	-
sh	-	DNS_FAIL	0	-
si	-	DNS_FAIL	0	-
sj	-	DNS_FAIL	0	-
sk	-	DNS_FAIL	0	-
sl	-	DNS_FAIL	0	-
sm	-	DNS_FAIL	0	-
sn	-	DNS_FAIL	0	-
so	-	DNS_FAIL	0	-
sr	-	DNS_FAIL	0	-
ss	-	DNS_FAIL	0	-
st	-	DNS_FAIL	0	-
su	-	DNS_FAIL	0	-
sv	-	DNS_FAIL	0	-
sx	-	DNS_FAIL	0	-
sy	-	DNS_FAIL	0	-
sz	-	DNS_FAIL	0	-
tc	-	DNS_FAIL	0	-
td	-	DNS_FAIL	0	-
tf	-	DNS_FAIL	0	-
tg	-	DNS_FAIL	0	-
th	-	DNS_FAIL	0	-
tj	-	DNS_FAIL	0	-
tk	-	DNS_FAIL	0	-
tl	-	DNS_FAIL	0	-
tm	-	DNS_FAIL	0	-
tn	-	DNS_FAIL	0	-
to	-	DNS_FAIL	0	-
tr	-	DNS_FAIL	0	-
tt	-	DNS_FAIL	0	-
tv	-	DNS_FAIL	0	-
tw	23.8.64.145	404	10	493fda53120050f8
tz	-	DNS_FAIL	0	-
ua	-	DNS_FAIL	0	-
ug	-	DNS_FAIL	0	-
uk	23.8.64.145	200	2825	5f59d6b3fccea5e9
um	-	DNS_FAIL	0	-
us	23.8.64.145	200	2825	00dde434c8723ec7
uy	-	DNS_FAIL	0	-
uz	-	DNS_FAIL	0	-
va	-	DNS_FAIL	0	-
vc	-	DNS_FAIL	0	-
ve	-	DNS_FAIL	0	-
vg	-	DNS_FAIL	0	-
vi	-	DNS_FAIL	0	-
vn	-	DNS_FAIL	0	-
vu	-	DNS_FAIL	0	-
wf	-	DNS_FAIL	0	-
ws	-	DNS_FAIL	0	-
ye	-	DNS_FAIL	0	-
yt	-	DNS_FAIL	0	-
za	-	DNS_FAIL	0	-
zm	-	DNS_FAIL	0	-
zw	-	DNS_FAIL	0	-
zz	-	DNS_FAIL	0	-
